{
    "openapi": "3.0.0",
    "info": {
        "title": "APIs For Thrift Store",
        "contact": {
            "email": "darius@matulionis.lt"
        },
        "license": {
            "name": "Apache 2.0",
            "url": "https://www.apache.org/licences/LICENSE-2.0.html"
        },
        "version": "1.0.0"
    },
    "paths": {
        "/": {
            "get": {
                "description": "HOme page",
                "responses": {
                    "default": {
                        "description": "Welcome"
                    }
                }
            }
        }
    }
}